Order_ID,Order_Date,Product,Category,Quantity,Unit_Price,Sales,Region,Payment_Method,Customer_Type
1001,2026-01-05,Laptop,Electronics,1,55000,55000,North,UPI,New
1002,2026-01-07,Headphones,Electronics,2,1800,3600,West,Card,Returning
1003,2026-01-09,Office Chair,Furniture,1,7500,7500,North,Cash,New
1004,2026-01-12,Keyboard,Electronics,3,1200,3600,South,UPI,Returning
1005,2026-01-15,Mouse,Electronics,4,700,2800,East,Card,New
1006,2026-01-18,Desk,Furniture,1,6500,6500,North,UPI,Returning
1007,2026-01-21,Monitor,Electronics,2,12500,25000,West,Card,New
1008,2026-01-24,Backpack,Accessories,3,1500,4500,South,Cash,New
1009,2026-01-27,Webcam,Electronics,2,2200,4400,East,UPI,Returning
1010,2026-01-30,USB Cable,Accessories,5,400,2000,North,UPI,New
1011,2026-02-03,Laptop,Electronics,1,58000,58000,West,Card,Returning
1012,2026-02-06,Headphones,Electronics,3,1900,5700,North,UPI,New
1013,2026-02-10,Office Chair,Furniture,2,7200,14400,South,Card,Returning
1014,2026-02-13,Keyboard,Electronics,2,1250,2500,East,Cash,New
1015,2026-02-17,Mouse,Electronics,5,650,3250,North,UPI,Returning
1016,2026-02-20,Desk,Furniture,2,6800,13600,West,Card,New
1017,2026-02-23,Monitor,Electronics,1,13000,13000,South,UPI,Returning
1018,2026-02-26,Backpack,Accessories,4,1450,5800,East,Cash,New
1019,2026-03-02,Webcam,Electronics,3,2300,6900,North,UPI,Returning
1020,2026-03-05,USB Cable,Accessories,8,350,2800,West,Card,New
